<?xml version="1.0" encoding="UTF-8"?>
<Configuration status="INFO">
    <Appenders>
        <Console name="Console" target="SYSTEM_OUT">
            <PatternLayout pattern="%d{HH:mm:ss.SSS} [%t] %-5level %logger{36} - %msg%n" />
        </Console>
        <File name="webCrawler" fileName="webCrawler.log" immediateFlush="true" append="false">
            <PatternLayout pattern="%d{yyyy-MM-dd HH:mm:ss,SSS} [%t] %-5p %l - %m%n"/>
        </File>
    </Appenders>
    <Loggers>
        <Root level="INFO">
            <AppenderRef ref="Console"/>
            <AppenderRef ref="webCrawler"/>
        </Root>
    </Loggers>
</Configuration>